case,k_pi,nh_from,nh_to,eta,delta_E,delta_Z,spectral_l1,rest_spectral_l1,recursion_l1,reference_certified
B,0.0,10,12,0.05,1.4093136879722579e-08,7.900552578821163e-08,0.0684120496873263,0.2571788730056821,0.00022745183210571502,False
B,0.0,10,12,0.025,1.4093136879722579e-08,7.900552578821163e-08,0.15178546260700304,0.5755459103554549,0.0027011537936584467,False
B,0.0,10,12,0.1,1.4093136879722579e-08,7.900552578821163e-08,0.016809457043825273,0.062103039444205456,2.097859108248072e-06,False
B,0.0,10,12,0.2,1.4093136879722579e-08,7.900552578821163e-08,0.0020129270570253023,0.007190170408728575,2.7507339579888074e-10,False
B,0.0,12,14,0.05,2.121485209727325e-10,1.4714219842559828e-09,0.045765201743878874,0.1720460435649564,0.0004116257123204596,False
B,0.0,12,14,0.025,2.121485209727325e-10,1.4714219842559828e-09,0.1192665471530785,0.45224800342268007,0.0041244239404829375,False
B,0.0,12,14,0.1,2.121485209727325e-10,1.4714219842559828e-09,0.008381535264556882,0.030966159989702688,5.789343848310959e-06,False
B,0.0,12,14,0.2,2.121485209727325e-10,1.4714219842559828e-09,0.0006164455823557956,0.0022019154453681135,1.880459744924893e-09,True
B,0.0,14,16,0.05,3.282707439211663e-12,2.7173152616910556e-11,0.03213370508104592,0.1208010650776684,1.2438702209479114e-05,False
B,0.0,14,16,0.025,3.282707439211663e-12,2.7173152616910556e-11,0.0975272354051979,0.36981482027974105,0.0005997662131521615,False
B,0.0,14,16,0.1,3.282707439211663e-12,2.7173152616910556e-11,0.004397647678781355,0.016247438770344493,8.396291108956129e-09,False
B,0.0,14,16,0.2,3.282707439211663e-12,2.7173152616910556e-11,0.00020447834495650028,0.0007303871048352199,1.0151836290115881e-14,True
B,0.0,16,18,0.05,3.68594044175552e-14,5.241362899255364e-13,0.02358271509060861,0.08865501293929702,2.1569346804171413e-05,False
B,0.0,16,18,0.025,3.68594044175552e-14,5.241362899255364e-13,0.08287840471313757,0.314267186675421,0.0008162277096849697,False
B,0.0,16,18,0.1,3.68594044175552e-14,5.241362899255364e-13,0.0024402971630875033,0.009015855886038749,2.4345028578038103e-08,False
B,0.0,16,18,0.2,3.68594044175552e-14,5.241362899255364e-13,7.163750893704162e-05,0.0002558857949210928,6.786445921313069e-14,True
B,0.0,18,20,0.05,5.10702591327572e-14,8.01581023779363e-14,0.017253207451267707,0.06486032487656078,4.924649740033562e-07,False
B,0.0,18,20,0.025,5.10702591327572e-14,8.01581023779363e-14,0.07012674493037946,0.2659139173246615,0.00010815377599490046,False
B,0.0,18,20,0.1,5.10702591327572e-14,8.01581023779363e-14,0.0013504926523229663,0.0049894923903313895,1.933508729392876e-11,True
B,0.0,18,20,0.2,5.10702591327572e-14,8.01581023779363e-14,2.3828199316658e-05,8.511319767474029e-05,5.708652737914632e-15,True
B,0.5,10,12,0.05,4.514429720203772e-05,7.240835754192265e-05,0.09341895613169189,0.10401969290907004,0.0011238056610508706,False
B,0.5,10,12,0.025,4.514429720203772e-05,7.240835754192265e-05,0.21817984003673824,0.24295103763733908,0.019046994097896893,False
B,0.5,10,12,0.1,4.514429720203772e-05,7.240835754192265e-05,0.031131425968733605,0.03468594543544071,7.844526587852382e-06,False
B,0.5,10,12,0.2,4.514429720203772e-05,7.240835754192265e-05,0.006557277406096869,0.007335884092358027,8.896131848936216e-10,False
B,0.5,12,14,0.05,5.371398769105085e-06,1.1014422550303937e-05,0.05689945826491558,0.06336669356859218,0.0020013309427376566,False
B,0.5,12,14,0.025,5.371398769105085e-06,1.1014422550303937e-05,0.13405211113591778,0.14932423133708952,0.028410395016462843,False
B,0.5,12,14,0.1,5.371398769105085e-06,1.1014422550303937e-05,0.018399778141853455,0.02048488894334798,2.0122438866339616e-05,False
B,0.5,12,14,0.2,5.371398769105085e-06,1.1014422550303937e-05,0.0029193850820351907,0.003251558284579866,5.36857976156667e-09,True
B,0.5,14,16,0.05,6.333612387887655e-07,1.5830654690601742e-06,0.04183738536676144,0.0465923920847476,4.227549544498666e-05,False
B,0.5,14,16,0.025,6.333612387887655e-07,1.5830654690601742e-06,0.11791840357824827,0.1313606191932791,0.0028521071478116275,False
B,0.5,14,16,0.1,6.333612387887655e-07,1.5830654690601742e-06,0.010176879742397242,0.011327134244139165,2.282812938884942e-08,False
B,0.5,14,16,0.2,6.333612387887655e-07,1.5830654690601742e-06,0.0010792698890574259,0.0012004727770390127,2.126591043686427e-14,True
B,0.5,16,18,0.05,7.410209335034779e-08,2.1868804331304226e-07,0.02731327931132525,0.03041733130015796,7.74475313823711e-05,False
B,0.5,16,18,0.025,7.410209335034779e-08,2.1868804331304226e-07,0.08929618741470739,0.09947623088029386,0.004412543749541302,False
B,0.5,16,18,0.1,7.410209335034779e-08,2.1868804331304226e-07,0.005029205058578404,0.005597228941714165,6.615440404072128e-08,False
B,0.5,16,18,0.2,7.410209335034779e-08,2.1868804331304226e-07,0.0003544033631330183,0.0003940273669633112,1.4906200778129602e-13,True
B,0.5,18,20,0.05,8.68562866074285e-09,2.955435543516849e-08,0.019206922814567238,0.021389659663879526,1.3867951900264964e-06,False
B,0.5,18,20,0.025,8.68562866074285e-09,2.955435543516849e-08,0.07647977651837673,0.08519876557832197,0.00041626276256115304,False
B,0.5,18,20,0.1,8.68562866074285e-09,2.955435543516849e-08,0.002660837843127313,0.0029613025417181017,4.430005609997619e-11,True
B,0.5,18,20,0.2,8.68562866074285e-09,2.955435543516849e-08,0.00012149931374600083,0.00013505947303544914,3.182798343402114e-15,True
B,1.0,10,12,0.05,0.0004516725165577551,0.00018432289084067965,0.15830975234363992,0.16156375911074752,0.005541366814353012,False
B,1.0,10,12,0.025,0.0004516725165577551,0.00018432289084067965,0.29373311290392745,0.2995939513670782,0.07373996259369535,False
B,1.0,10,12,0.1,0.0004516725165577551,0.00018432289084067965,0.06623416397156055,0.06768805149875885,3.748184178121125e-05,False
B,1.0,10,12,0.2,0.0004516725165577551,0.00018432289084067965,0.016824038236748426,0.017278603954591375,2.6979127257392156e-09,False
B,1.0,12,14,0.05,0.00010550611128845588,5.715192491567364e-05,0.09851157177570675,0.10053887438651082,0.01041160931558461,False
B,1.0,12,14,0.025,0.00010550611128845588,5.715192491567364e-05,0.2004581855868519,0.20452713178552598,0.10594359847826688,False
B,1.0,12,14,0.1,0.00010550611128845588,5.715192491567364e-05,0.03270141255779368,0.033399810568196554,0.00011784738673299652,False
B,1.0,12,14,0.2,0.00010550611128845588,5.715192491567364e-05,0.005627188183743089,0.005779507019226314,2.277730818108884e-08,False
B,1.0,14,16,0.05,2.495658469348072e-05,1.6958005244316343e-05,0.06733554303569722,0.06871459258310726,0.0002815996452044193,False
B,1.0,14,16,0.025,2.495658469348072e-05,1.6958005244316343e-05,0.15176310378701074,0.1548568741942569,0.016386659731562704,False
B,1.0,14,16,0.1,2.495658469348072e-05,1.6958005244316343e-05,0.01910311894086303,0.019500075458483937,1.1772226022207682e-07,False
B,1.0,14,16,0.2,2.495658469348072e-05,1.6958005244316343e-05,0.0024109150212144317,0.0024712664489485374,5.5695625852556195e-14,True
B,1.0,16,18,0.05,5.9122826401303286e-06,4.843493691602391e-06,0.049144499611048414,0.05014704435895216,0.0005207680622722776,False
B,1.0,16,18,0.025,5.9122826401303286e-06,4.843493691602391e-06,0.12101697436070902,0.12348531773805697,0.023203933882022628,False
B,1.0,16,18,0.1,5.9122826401303286e-06,4.843493691602391e-06,0.011347141708129727,0.011579480529918288,3.659886293255421e-07,False
B,1.0,16,18,0.2,5.9122826401303286e-06,4.843493691602391e-06,0.0010365904062644173,0.0010607827921201155,4.66145449229791e-13,True
B,1.0,18,20,0.05,1.3996618786205062e-06,1.3432990373409004e-06,0.033305912589549416,0.03398411011800563,9.386544785108772e-06,False
B,1.0,18,20,0.025,1.3996618786205062e-06,1.3432990373409004e-06,0.0961884957909395,0.09815023950518077,0.002819416024751991,False
B,1.0,18,20,0.1,1.3996618786205062e-06,1.3432990373409004e-06,0.005524340223752052,0.005636801493822705,1.9681355706363487e-10,False
B,1.0,18,20,0.2,1.3996618786205062e-06,1.3432990373409004e-06,0.0002649224608805616,0.00027117432435080024,1.8040643507497815e-15,True
C,0.0,10,12,0.05,2.4102672542269943e-06,6.1215455755547765e-06,0.059025096947028066,0.1142456173936018,0.000878388532551183,False
C,0.0,10,12,0.025,2.4102672542269943e-06,6.1215455755547765e-06,0.1383610198175276,0.26936250814621354,0.008003463112194143,False
C,0.0,10,12,0.1,2.4102672542269943e-06,6.1215455755547765e-06,0.023024666967760364,0.04405246722534588,1.4710930526111205e-05,False
C,0.0,10,12,0.2,2.4102672542269943e-06,6.1215455755547765e-06,0.008682988395539454,0.016251038968527805,6.313707107505927e-09,False
C,0.0,12,14,0.05,5.4207980326737015e-08,1.4925444041802294e-07,0.029110430843747172,0.0563594504459915,0.0014419481471520102,False
C,0.0,12,14,0.025,5.4207980326737015e-08,1.4925444041802294e-07,0.09080315459223083,0.17682130824905487,0.010839523536767958,False
C,0.0,12,14,0.1,5.4207980326737015e-08,1.4925444041802294e-07,0.008280071133328204,0.015845894439091537,3.5348388696904125e-05,False
C,0.0,12,14,0.2,5.4207980326737015e-08,1.4925444041802294e-07,0.0024941218119423746,0.00466792745075128,3.3294591229367383e-08,True
C,0.0,14,16,0.05,9.3546459467575e-10,2.7629895593683784e-09,0.015881429428165617,0.030747324105738178,6.846900357266682e-05,False
C,0.0,14,16,0.025,9.3546459467575e-10,2.7629895593683784e-09,0.06490888913711382,0.1263963058378619,0.002079176800934547,False
C,0.0,14,16,0.1,9.3546459467575e-10,2.7629895593683784e-09,0.0035919315057412293,0.006874066012903098,1.1857597840073758e-07,False
C,0.0,14,16,0.2,9.3546459467575e-10,2.7629895593683784e-09,0.0010526567205583635,0.0019701043629179907,7.089141528398773e-13,True
C,0.0,16,18,0.05,1.2877698907232116e-11,4.00572908176855e-11,0.008278662776782474,0.016027750332472807,0.00011006621846622482,False
C,0.0,16,18,0.025,1.2877698907232116e-11,4.00572908176855e-11,0.04492691848221988,0.08748451979737523,0.002765749185679896,False
C,0.0,16,18,0.1,1.2877698907232116e-11,4.00572908176855e-11,0.0013609613587020788,0.0026045135797931715,2.82233396806742e-07,True
C,0.0,16,18,0.2,1.2877698907232116e-11,4.00572908176855e-11,0.0003964356323490939,0.0007419439140850493,3.812030534443676e-12,True
C,0.0,18,20,0.05,1.2256862191861728e-13,4.961031585537512e-13,0.004473245371845361,0.008660438863589533,3.836535398487088e-06,False
C,0.0,18,20,0.025,1.2256862191861728e-13,4.961031585537512e-13,0.03177064201938634,0.061866558882486385,0.0004474721108775037,False
C,0.0,18,20,0.1,1.2256862191861728e-13,4.961031585537512e-13,0.0004701256649161023,0.0008997016289453298,5.317162521120513e-10,True
C,0.0,18,20,0.2,1.2256862191861728e-13,4.961031585537512e-13,0.00010745634695284918,0.00020110950517135263,8.203645209027427e-15,True
C,0.5,10,12,0.05,2.7176071982548677e-05,1.1841294899658794e-05,0.11429942449526373,0.12425995077530336,0.0041337563614024025,False
C,0.5,10,12,0.025,2.7176071982548677e-05,1.1841294899658794e-05,0.21728050990831485,0.23630990468860477,0.04501085531343469,False
C,0.5,10,12,0.1,2.7176071982548677e-05,1.1841294899658794e-05,0.06044561581858544,0.06566093690620291,5.568612750641148e-05,False
C,0.5,10,12,0.2,2.7176071982548677e-05,1.1841294899658794e-05,0.031664594018307936,0.03434453370350374,2.039176034722045e-08,False
C,0.5,12,14,0.05,8.057804503636135e-07,4.068249696009829e-07,0.048071351739661386,0.05227167696655185,0.0064364175281445895,False
C,0.5,12,14,0.025,8.057804503636135e-07,4.068249696009829e-07,0.11467423243281018,0.12474806911896796,0.05799537933112314,False
C,0.5,12,14,0.1,8.057804503636135e-07,4.068249696009829e-07,0.01871667453411908,0.020334506079250154,0.00012681652271753695,False
C,0.5,12,14,0.2,8.057804503636135e-07,4.068249696009829e-07,0.00855054615250405,0.00927377020424256,9.966121538279294e-08,False
C,0.5,14,16,0.05,1.9134665851794352e-08,1.1696682469808373e-08,0.023389228762417186,0.025433203069737606,0.0002368042006170831,False
C,0.5,14,16,0.025,1.9134665851794352e-08,1.1696682469808373e-08,0.06326810250274445,0.06882674230249976,0.00897298982839156,False
C,0.5,14,16,0.1,1.9134665851794352e-08,1.1696682469808373e-08,0.007448670772618346,0.008092592027991742,3.3396519779732684e-07,False
C,0.5,14,16,0.2,1.9134665851794352e-08,1.1696682469808373e-08,0.00272395123711495,0.0029543191880353993,1.7292069744920406e-12,True
C,0.5,16,18,0.05,4.1279113460745975e-10,3.2657221371579226e-10,0.013527422453718053,0.014709557839634358,0.0003839067564127974,False
C,0.5,16,18,0.025,4.1279113460745975e-10,3.2657221371579226e-10,0.04347362534575226,0.0472930779631469,0.011856112852159897,False
C,0.5,16,18,0.1,4.1279113460745975e-10,3.2657221371579226e-10,0.0031489907268806494,0.003421208974130063,8.140319997338596e-07,False
C,0.5,16,18,0.2,4.1279113460745975e-10,3.2657221371579226e-10,0.0008646860317599478,0.0009378109877942582,9.835613558867862e-12,True
C,0.5,18,20,0.05,9.258815936163955e-12,9.755057872595785e-12,0.007686322243796322,0.00835803196303163,1.1259246294586619e-05,False
C,0.5,18,20,0.025,9.258815936163955e-12,9.755057872595785e-12,0.032148874394521874,0.03497345184058942,0.0016380084770488109,False
C,0.5,18,20,0.1,9.258815936163955e-12,9.755057872595785e-12,0.001083720174106349,0.0011774053801049016,1.3299450712207874e-09,True
C,0.5,18,20,0.2,9.258815936163955e-12,9.755057872595785e-12,0.00021124873536187394,0.00022911381344012632,3.081171386735802e-15,True
C,1.0,10,12,0.05,4.904324233878654e-05,6.363596611051042e-06,0.28941801113826254,0.29648405940885886,0.012259292232591661,False
C,1.0,10,12,0.025,4.904324233878654e-05,6.363596611051042e-06,0.44369518470884295,0.4545695341723547,0.11041051672259833,False
C,1.0,10,12,0.1,4.904324233878654e-05,6.363596611051042e-06,0.17439892825857137,0.17862046214831695,0.00018209886357536777,False
C,1.0,10,12,0.2,4.904324233878654e-05,6.363596611051042e-06,0.08993665842787521,0.09207588481186683,5.7103279358345135e-08,False
C,1.0,12,14,0.05,1.6667171398587755e-06,2.705648042763964e-07,0.1566776956453272,0.16051014879102446,0.019352194616398637,False
C,1.0,12,14,0.025,1.6667171398587755e-06,2.705648042763964e-07,0.27573848562460773,0.28251451927632076,0.14020397000582932,False
C,1.0,12,14,0.1,1.6667171398587755e-06,2.705648042763964e-07,0.08490674823714005,0.0869642558904429,0.00043295980227879197,False
C,1.0,12,14,0.2,1.6667171398587755e-06,2.705648042763964e-07,0.042952892423615614,0.04397410704345229,2.978444012312125e-07,False
C,1.0,14,16,0.05,4.95268763778256e-08,1.0959377017005778e-08,0.07598925547323988,0.07784809646639383,0.0009320582771580141,False
C,1.0,14,16,0.025,4.95268763778256e-08,1.0959377017005778e-08,0.1412758392301821,0.14474782827403498,0.029318886412170952,False
C,1.0,14,16,0.1,4.95268763778256e-08,1.0959377017005778e-08,0.03596668969532931,0.0368382541908762,1.2625505963874711e-06,False
C,1.0,14,16,0.2,4.95268763778256e-08,1.0959377017005778e-08,0.015675581229408247,0.01604823773643565,4.6561980958350915e-12,False
C,1.0,16,18,0.05,1.5430527966486807e-09,4.842908053748207e-10,0.035492984161878925,0.0363611654483183,0.0014354603340872808,False
C,1.0,16,18,0.025,1.5430527966486807e-09,4.842908053748207e-10,0.09011514854220651,0.09232969101355015,0.0361432618454198,False
C,1.0,16,18,0.1,1.5430527966486807e-09,4.842908053748207e-10,0.011313357741348399,0.01158749586680502,3.039208303430582e-06,False
C,1.0,16,18,0.2,1.5430527966486807e-09,4.842908053748207e-10,0.003935329413837501,0.0040288797380258045,2.7008063797146643e-11,False
C,1.0,18,20,0.05,5.548050907577817e-11,2.3196541909520363e-11,0.018266602909077882,0.01871344172656933,4.47700261834456e-05,False
C,1.0,18,20,0.025,5.548050907577817e-11,2.3196541909520363e-11,0.059217103723566,0.06067243916945837,0.005815652146228165,False
C,1.0,18,20,0.1,5.548050907577817e-11,2.3196541909520363e-11,0.003395340803359974,0.0034776179187266786,4.41891720580928e-09,False
C,1.0,18,20,0.2,5.548050907577817e-11,2.3196541909520363e-11,0.0006945830099672546,0.0007110949025884633,2.52245321913319e-15,True
A,0.0,10,12,0.05,1.6662799140476636e-08,1.4503250755915076e-07,0.04003039000115275,0.2679631516134608,3.38125675938033e-05,False
A,0.0,10,12,0.025,1.6662799140476636e-08,1.4503250755915076e-07,0.08249870995642239,0.55751510501352,0.0007300422393299847,False
A,0.0,10,12,0.1,1.6662799140476636e-08,1.4503250755915076e-07,0.011520784747235231,0.07565697621148842,1.0046493220042729e-07,False
A,0.0,10,12,0.2,1.6662799140476636e-08,1.4503250755915076e-07,0.0017037395059735843,0.010779275240822022,1.3744199632102461e-12,False
A,0.0,12,14,0.05,4.4555159561809887e-10,4.64699434488125e-09,0.028687962431803767,0.19203766290752905,7.244761123403949e-05,False
A,0.0,12,14,0.025,4.4555159561809887e-10,4.64699434488125e-09,0.06807901596799695,0.4600707283948119,0.00114157647552002,False
A,0.0,12,14,0.1,4.4555159561809887e-10,4.64699434488125e-09,0.006666802494846878,0.0437808660616265,3.964563042787652e-07,False
A,0.0,12,14,0.2,4.4555159561809887e-10,4.64699434488125e-09,0.0007398123723051389,0.004680436306488823,1.898209849843921e-11,True
A,0.0,14,16,0.05,1.2138290372831761e-11,1.4756895705403394e-10,0.021305922063799568,0.1426221854112006,9.906100548274251e-07,False
A,0.0,14,16,0.025,1.2138290372831761e-11,1.4756895705403394e-10,0.057103030361456995,0.385896234622725,0.00011224049233442422,False
A,0.0,14,16,0.1,1.2138290372831761e-11,1.4756895705403394e-10,0.0038672584589984006,0.025396267485626588,1.193337546238278e-10,False
A,0.0,14,16,0.2,1.2138290372831761e-11,1.4756895705403394e-10,0.00027866929854312127,0.0017629994513135815,1.4817401167773938e-15,True
A,0.0,16,18,0.05,3.4372504842394846e-13,4.5324854980322016e-12,0.01599970981436428,0.10710231715629272,2.077561786923391e-06,False
A,0.0,16,18,0.025,3.4372504842394846e-13,4.5324854980322016e-12,0.048231629886870256,0.3259442577605998,0.00017417416790728538,False
A,0.0,16,18,0.1,3.4372504842394846e-13,4.5324854980322016e-12,0.002327921627072625,0.015287449927837987,4.770772222667706e-10,False
A,0.0,16,18,0.2,3.4372504842394846e-13,4.5324854980322016e-12,0.00011763113526810704,0.0007441923362203546,1.6844525974688222e-15,True
A,0.0,18,20,0.05,1.1102230246251565e-14,1.1379786002407855e-13,0.012000055861937278,0.080328567739954,2.0473334627024915e-08,False
A,0.0,18,20,0.025,1.1102230246251565e-14,1.1379786002407855e-13,0.04115943598396723,0.27815111287084904,1.4994683589733697e-05,False
A,0.0,18,20,0.1,1.1102230246251565e-14,1.1379786002407855e-13,0.0013803937386184188,0.00906503888726629,7.738782414686361e-14,False
A,0.0,18,20,0.2,1.1102230246251565e-14,1.1379786002407855e-13,5.1158629398033116e-05,0.00032365460838652854,1.9535396771460597e-15,True
A,0.5,10,12,0.05,0.0012729250700631578,0.0011664898931481663,0.21110465802063094,0.21971577440464668,0.0002102670677308627,False
A,0.5,10,12,0.025,0.0012729250700631578,0.0011664898931481663,0.4051611702456412,0.4204044983592131,0.008280600765817327,False
A,0.5,10,12,0.1,0.0012729250700631578,0.0011664898931481663,0.07941377353410146,0.08326882949737376,4.427765246700831e-07,False
A,0.5,10,12,0.2,0.0012729250700631578,0.0011664898931481663,0.015757801356658687,0.017126022022084783,5.698323406991963e-12,False
A,0.5,12,14,0.05,0.0004609693582777741,0.0005534339552686618,0.16615348490942927,0.17285347548017801,0.00042338637699839847,False
A,0.5,12,14,0.025,0.0004609693582777741,0.0005534339552686618,0.307677746764204,0.31949584605555376,0.011772024993489972,False
A,0.5,12,14,0.1,0.0004609693582777741,0.0005534339552686618,0.052007466356735546,0.054359708260978835,1.519967491181891e-06,False
A,0.5,12,14,0.2,0.0004609693582777741,0.0005534339552686618,0.006744824627909846,0.007404939323994179,5.884011429216785e-11,False
A,0.5,14,16,0.05,0.00016968212886792067,0.0002561856864201559,0.11369534481551727,0.11821418054013202,3.823083634689384e-06,False
A,0.5,14,16,0.025,0.00016968212886792067,0.0002561856864201559,0.24788112853601996,0.2574431993216415,0.0007262645038928424,False
A,0.5,14,16,0.1,0.00016968212886792067,0.0002561856864201559,0.02843479715759403,0.029671739509248615,3.5989964575179394e-10,False
A,0.5,14,16,0.2,0.00016968212886792067,0.0002561856864201559,0.0025748790566004717,0.0028557782992031083,1.2623796904124554e-15,False
A,0.5,16,18,0.05,6.30801850236562e-05,0.00011577838546376201,0.07095486162435821,0.07374312036577384,7.978544738282106e-06,False
A,0.5,16,18,0.025,6.30801850236562e-05,0.00011577838546376201,0.17296307890645432,0.17963148817836336,0.0011769643232084478,False
A,0.5,16,18,0.1,6.30801850236562e-05,0.00011577838546376201,0.014282326002694598,0.014893634749631832,1.388539985210917e-09,False
A,0.5,16,18,0.2,6.30801850236562e-05,0.00011577838546376201,0.0010680969670296488,0.0011973071388369251,1.5019865049706583e-15,False
A,0.5,18,20,0.05,2.363388171633396e-05,5.1283430659139484e-05,0.05316052094103396,0.05522369843744581,6.00561415467322e-08,False
A,0.5,18,20,0.025,2.363388171633396e-05,5.1283430659139484e-05,0.15229360917773438,0.15814827475012985,6.46242137955489e-05,False
A,0.5,18,20,0.1,2.363388171633396e-05,5.1283430659139484e-05,0.008049636292507822,0.008388983056504748,1.7786832538704926e-13,False
A,0.5,18,20,0.2,2.363388171633396e-05,5.1283430659139484e-05,0.00048490180246410833,0.0005423547019641156,2.5887945946685226e-15,True
A,1.0,10,12,0.05,0.0037298354257042643,0.0004747039762706927,0.2423815992090522,0.24370054312715672,0.0017901021065338644,False
A,1.0,10,12,0.025,0.0037298354257042643,0.0004747039762706927,0.43211990665761674,0.43398440940365063,0.04163302399457105,False
A,1.0,10,12,0.1,0.0037298354257042643,0.0004747039762706927,0.0864260424233141,0.08713720722749291,3.8138749639581183e-06,False
A,1.0,10,12,0.2,0.0037298354257042643,0.0004747039762706927,0.016472303105926536,0.01689509813275493,2.5879703764167995e-11,False
A,1.0,12,14,0.05,0.0018299480033181492,0.00030152985233251363,0.09126624726073186,0.09184058688582519,0.0039433499594503495,False
A,1.0,12,14,0.025,0.0018299480033181492,0.00030152985233251363,0.18154361394921423,0.18235385112899505,0.0647098156954684,False
A,1.0,12,14,0.1,0.0018299480033181492,0.00030152985233251363,0.03178948664679559,0.0321181359162509,1.6404008107882473e-05,False
A,1.0,12,14,0.2,0.0018299480033181492,0.00030152985233251363,0.005344270532828491,0.005594048125750546,4.037613267706552e-10,False
A,1.0,14,16,0.05,0.0009620912867875919,0.00019908374719822264,0.0444379325807103,0.04475278724068007,5.268676710515401e-05,False
A,1.0,14,16,0.025,0.0009620912867875919,0.00019908374719822264,0.11577612485658499,0.11632718515545322,0.007541564814358876,False
A,1.0,14,16,0.1,0.0009620912867875919,0.00019908374719822264,0.01104522777172581,0.011217170275513125,3.3905506711181256e-09,False
A,1.0,14,16,0.2,0.0009620912867875919,0.00019908374719822264,0.0014730531906474355,0.0016416996476218927,9.932401650187726e-16,False
A,1.0,16,18,0.05,0.0005284147523445526,0.00013405819502868878,0.041229876532752056,0.04148498178858904,0.00010958049516996928,False
A,1.0,16,18,0.025,0.0005284147523445526,0.00013405819502868878,0.09609910284769321,0.09655985793304726,0.01096685755872663,False
A,1.0,16,18,0.1,0.0005284147523445526,0.00013405819502868878,0.010260506520934307,0.010399569672919162,1.4140411502534885e-08,False
A,1.0,16,18,0.2,0.0005284147523445526,0.00013405819502868878,0.0010165262675557861,0.0011348568427690425,1.951048393200208e-15,False
A,1.0,18,20,0.05,0.00029827332071508117,9.092804591536753e-05,0.025160584853311314,0.025318515512329068,8.482436733524155e-07,False
A,1.0,18,20,0.025,0.00029827332071508117,9.092804591536753e-05,0.060301928508668674,0.06060009780159591,0.0009092953269514927,False
A,1.0,18,20,0.1,0.00029827332071508117,9.092804591536753e-05,0.006154062642065153,0.006245796884119452,1.2946092670366578e-12,False
A,1.0,18,20,0.2,0.00029827332071508117,9.092804591536753e-05,0.0005733961129721682,0.0006563548912984308,4.339637902899316e-15,False
D,0.0,10,12,0.05,0.015395718366032263,0.0048026952923578906,0.9467937032776931,0.9818628362439664,0.0029202694888047554,False
D,0.0,10,12,0.025,0.015395718366032263,0.0048026952923578906,1.1842778493857442,1.221075392624605,0.022132439755522378,False
D,0.0,10,12,0.1,0.015395718366032263,0.0048026952923578906,0.696249940762915,0.7249734386891724,6.980478135165091e-05,False
D,0.0,10,12,0.2,0.015395718366032263,0.0048026952923578906,0.424677310093603,0.4441549031704337,6.00065793491748e-08,False
D,0.0,12,14,0.05,0.0031454217938042817,0.0010454360093500384,0.6960579073073963,0.7256460204530559,0.005788697437666526,False
D,0.0,12,14,0.025,0.0031454217938042817,0.0010454360093500384,0.8890335219979886,0.9257592723039245,0.04171645837611584,False
D,0.0,12,14,0.1,0.0031454217938042817,0.0010454360093500384,0.5034245970964396,0.5250357001986957,0.0001750101324766913,False
D,0.0,12,14,0.2,0.0031454217938042817,0.0010454360093500384,0.29206665243460894,0.3045996417489081,2.818752675529088e-07,False
D,0.0,14,16,0.05,0.0004490936934926637,0.00016037285157640552,0.46256368501791506,0.48296533251662765,0.0003017346060552854,False
D,0.0,14,16,0.025,0.0004490936934926637,0.00016037285157640552,0.6366956205024487,0.6649204720427968,0.00742568177200159,False
D,0.0,14,16,0.1,0.0004490936934926637,0.00016037285157640552,0.3312353774335569,0.3455942124439889,8.358669519875546e-07,False
D,0.0,14,16,0.2,0.0004490936934926637,0.00016037285157640552,0.18482256363123878,0.19254232684428857,1.2326542593507183e-11,False
D,0.0,16,18,0.05,4.7016588901271916e-05,1.7800726459772653e-05,0.2842520164188852,0.2968911793519228,0.0004584779243095153,False
D,0.0,16,18,0.025,4.7016588901271916e-05,1.7800726459772653e-05,0.39614134877181095,0.4139528327579965,0.00915167955311467,False
D,0.0,16,18,0.1,4.7016588901271916e-05,1.7800726459772653e-05,0.19785516037277823,0.20644757257791777,1.8760171310613837e-06,False
D,0.0,16,18,0.2,4.7016588901271916e-05,1.7800726459772653e-05,0.10642919211387254,0.11084038248978967,6.157557052076196e-11,False
D,0.0,18,20,0.05,3.7865340267728698e-06,1.5010770123488615e-06,0.15487275846643253,0.16176940752713276,1.9661925288447205e-05,False
D,0.0,18,20,0.025,3.7865340267728698e-06,1.5010770123488615e-06,0.2090126199322104,0.21843401066117218,0.0015931032419262557,False
D,0.0,18,20,0.1,3.7865340267728698e-06,1.5010770123488615e-06,0.10525665930996048,0.10982924436528821,5.369771724530263e-09,False
D,0.0,18,20,0.2,3.7865340267728698e-06,1.5010770123488615e-06,0.05516727402597266,0.05745016317914399,1.1378342889613333e-14,False
D,0.5,10,12,0.05,0.020369189154565426,0.0009674422424972746,0.822168881601224,0.8266482016799835,0.013410110763108956,False
D,0.5,10,12,0.025,0.020369189154565426,0.0009674422424972746,0.9615381847840164,0.9650792840962858,0.10344945287855248,False
D,0.5,10,12,0.1,0.020369189154565426,0.0009674422424972746,0.6426416556310215,0.646871311800888,0.0002965244394255573,False
D,0.5,10,12,0.2,0.020369189154565426,0.0009674422424972746,0.4143260206065218,0.4174854349297552,2.2683784595680921e-07,False
D,0.5,12,14,0.05,0.004247172415819733,0.0002169712687654004,0.7137543910165093,0.7188190331927601,0.02080013155866945,False
D,0.5,12,14,0.025,0.004247172415819733,0.0002169712687654004,0.834578298371975,0.8401869277395229,0.13672091054447763,False
D,0.5,12,14,0.1,0.004247172415819733,0.0002169712687654004,0.5471232829582623,0.5510783848295764,0.0006261083917924863,False
D,0.5,12,14,0.2,0.004247172415819733,0.0002169712687654004,0.33139461578856183,0.33379599276037464,9.076445610346399e-07,False
D,0.5,14,16,0.05,0.0006213067374316594,3.445818626624832e-05,0.5941438395018926,0.5985980213489961,0.0011209313538494414,False
D,0.5,14,16,0.025,0.0006213067374316594,3.445818626624832e-05,0.7167415570633121,0.7221278711696844,0.028728066450266748,False
D,0.5,14,16,0.1,0.0006213067374316594,3.445818626624832e-05,0.43459191565177624,0.4377927335191182,2.687589505108415e-06,False
D,0.5,14,16,0.2,0.0006213067374316594,3.445818626624832e-05,0.24974068211433478,0.2515093703641258,3.469705945723337e-11,False
D,0.5,16,18,0.05,6.643186646648758e-05,3.938475545904076e-06,0.4422720306583058,0.44561920711724845,0.001663707411999823,False
D,0.5,16,18,0.025,6.643186646648758e-05,3.938475545904076e-06,0.5465545822804239,0.5507373740467745,0.03521458402059692,False
D,0.5,16,18,0.1,6.643186646648758e-05,3.938475545904076e-06,0.31562981832761744,0.3179614716714877,5.834702998079543e-06,False
D,0.5,16,18,0.2,6.643186646648758e-05,3.938475545904076e-06,0.17408916638242317,0.1753145358659058,1.6030230943058087e-10,False
D,0.5,18,20,0.05,5.444265289256123e-06,3.400261483488265e-07,0.30795420500167914,0.3102882805737918,6.291109641642642e-05,False
D,0.5,18,20,0.025,5.444265289256123e-06,3.400261483488265e-07,0.4079192917657101,0.4110495536354173,0.005927306713584186,False
D,0.5,18,20,0.1,5.444265289256123e-06,3.400261483488265e-07,0.21046303157314214,0.21201852073300262,1.4501422911833068e-08,False
D,0.5,18,20,0.2,5.444265289256123e-06,3.400261483488265e-07,0.11096977444015768,0.11175000198241826,7.51768771355463e-15,False
D,1.0,10,12,0.05,0.022101268429413068,0.00037660758796929017,0.6165951090471992,0.6176081985391706,0.023430296273672768,False
D,1.0,10,12,0.025,0.022101268429413068,0.00037660758796929017,0.7895379520139592,0.7902383417372585,0.15755065093741813,False
D,1.0,10,12,0.1,0.022101268429413068,0.00037660758796929017,0.43299479634867644,0.4339472005679779,0.0006080905296722737,False
D,1.0,10,12,0.2,0.022101268429413068,0.00037660758796929017,0.2534152442085623,0.25414453310802776,4.961250985017326e-07,False
D,1.0,12,14,0.05,0.0046403349091237445,8.554170144832408e-05,0.4749219328988135,0.47613584406835063,0.03765962898943812,False
D,1.0,12,14,0.025,0.0046403349091237445,8.554170144832408e-05,0.5931407783706439,0.5945293985286886,0.2064738391283567,False
D,1.0,12,14,0.1,0.0046403349091237445,8.554170144832408e-05,0.35213764588902285,0.3530792816199625,0.001412359856921135,False
D,1.0,12,14,0.2,0.0046403349091237445,8.554170144832408e-05,0.2226587845554167,0.22327476982289746,2.3609423757451995e-06,False
D,1.0,14,16,0.05,0.0006842821376427111,1.375630165502276e-05,0.4162660555963494,0.41743982516370864,0.002486325196618799,False
D,1.0,14,16,0.025,0.0006842821376427111,1.375630165502276e-05,0.5195661397995115,0.5210278350187042,0.05002917373260939,False
D,1.0,14,16,0.1,0.0006842821376427111,1.375630165502276e-05,0.3055249132308867,0.3063750027315485,7.346084430514377e-06,False
D,1.0,14,16,0.2,0.0006842821376427111,1.375630165502276e-05,0.18844266399542764,0.18894963688927552,9.160161291879041e-11,False
D,1.0,16,18,0.05,7.367440017791438e-05,1.5884565339263981e-06,0.377824755710918,0.37890737869288793,0.0039288492585755515,False
D,1.0,16,18,0.025,7.367440017791438e-05,1.5884565339263981e-06,0.4744722698476636,0.47584630401723343,0.06506408143333046,False
D,1.0,16,18,0.1,7.367440017791438e-05,1.5884565339263981e-06,0.2687647879064824,0.26951704483084915,1.6913564265623422e-05,False
D,1.0,16,18,0.2,7.367440017791438e-05,1.5884565339263981e-06,0.15715368075255842,0.15757326763875035,4.545886343275006e-10,False
D,1.0,18,20,0.05,6.07242765937599e-06,1.3825462424421966e-07,0.3122433518189937,0.31313981636243304,0.0001808635415819891,False
D,1.0,18,20,0.025,6.07242765937599e-06,1.3825462424421966e-07,0.3971616800912714,0.39831585667221986,0.01308687013412958,False
D,1.0,18,20,0.1,6.07242765937599e-06,1.3825462424421966e-07,0.2230459041332465,0.22367064460295139,4.542958332016858e-08,False
D,1.0,18,20,0.2,6.07242765937599e-06,1.3825462424421966e-07,0.12903292917959855,0.12937701789256387,7.829474020136074e-15,False
